image_index,path,psnr
0,imagenette160/val/tench/00717.png,24.0549
1,imagenette160/val/golf_ball/03110.png,25.9697
2,imagenette160/val/gas_pump/01997.png,24.8268
3,imagenette160/val/French_horn/03591.png,24.3233
4,imagenette160/val/golf_ball/02787.png,22.5247
5,imagenette160/val/parachute/01908.png,24.9820
6,imagenette160/val/golf_ball/03009.png,26.7822
7,imagenette160/val/French_horn/03705.png,21.0205
8,imagenette160/val/church/01504.png,23.8287
9,imagenette160/val/tench/00495.png,24.4050
10,imagenette160/val/French_horn/03652.png,24.5377
11,imagenette160/val/parachute/01809.png,20.6084
12,imagenette160/val/chain_saw/00775.png,23.9663
13,imagenette160/val/French_horn/03573.png,22.0909
14,imagenette160/val/church/01429.png,23.2355
15,imagenette160/val/parachute/01800.png,24.0243
16,imagenette160/val/golf_ball/02938.png,26.1261
17,imagenette160/val/garbage_truck/03260.png,24.3701
18,imagenette160/val/parachute/01768.png,23.4701
19,imagenette160/val/French_horn/03853.png,23.8323
20,imagenette160/val/gas_pump/02239.png,23.6653
21,imagenette160/val/gas_pump/02234.png,19.4460
22,imagenette160/val/golf_ball/02826.png,28.7714
23,imagenette160/val/chain_saw/01013.png,25.8074
24,imagenette160/val/church/01358.png,22.1805
25,imagenette160/val/gas_pump/02273.png,19.9410
26,imagenette160/val/parachute/01663.png,25.2409
27,imagenette160/val/French_horn/03598.png,24.8175
28,imagenette160/val/gas_pump/02233.png,24.1480
29,imagenette160/val/garbage_truck/03483.png,23.1340
30,imagenette160/val/English_springer/02416.png,23.5456
31,imagenette160/val/church/01257.png,24.2821
32,imagenette160/val/gas_pump/02095.png,22.8421
33,imagenette160/val/tench/00640.png,26.8095
34,imagenette160/val/golf_ball/02974.png,25.2556
35,imagenette160/val/cassette_player/00080.png,23.4400
36,imagenette160/val/garbage_truck/03436.png,23.9222
37,imagenette160/val/parachute/01725.png,27.6674
38,imagenette160/val/French_horn/03747.png,24.7785
39,imagenette160/val/parachute/01803.png,27.5297
40,imagenette160/val/church/01149.png,27.3953
41,imagenette160/val/garbage_truck/03184.png,23.8241
42,imagenette160/val/tench/00529.png,26.5312
43,imagenette160/val/church/01520.png,22.9439
44,imagenette160/val/golf_ball/02813.png,28.8276
45,imagenette160/val/chain_saw/00812.png,21.5662
46,imagenette160/val/French_horn/03875.png,22.0981
47,imagenette160/val/cassette_player/00222.png,24.1749
48,imagenette160/val/gas_pump/01938.png,23.5213
49,imagenette160/val/parachute/01794.png,27.7528
50,imagenette160/val/cassette_player/00017.png,26.4165
51,imagenette160/val/English_springer/02654.png,25.7898
52,imagenette160/val/French_horn/03868.png,22.1041
53,imagenette160/val/tench/00686.png,25.5549
54,imagenette160/val/cassette_player/00308.png,23.2616
55,imagenette160/val/chain_saw/01084.png,18.4388
56,imagenette160/val/garbage_truck/03328.png,22.0276
57,imagenette160/val/cassette_player/00149.png,22.3649
58,imagenette160/val/tench/00634.png,25.7447
59,imagenette160/val/cassette_player/00328.png,26.9235
60,imagenette160/val/tench/00399.png,26.2371
61,imagenette160/val/English_springer/02646.png,25.9775
62,imagenette160/val/English_springer/02433.png,24.0063
63,imagenette160/val/gas_pump/02216.png,24.2494
64,imagenette160/val/golf_ball/02904.png,26.7982
65,imagenette160/val/chain_saw/01037.png,21.1008
66,imagenette160/val/church/01393.png,24.0411
67,imagenette160/val/parachute/01858.png,28.9159
68,imagenette160/val/garbage_truck/03160.png,24.9769
69,imagenette160/val/chain_saw/00821.png,23.9541
70,imagenette160/val/cassette_player/00086.png,28.6095
71,imagenette160/val/gas_pump/01937.png,24.7285
72,imagenette160/val/English_springer/02409.png,25.3464
73,imagenette160/val/chain_saw/00770.png,27.8353
74,imagenette160/val/cassette_player/00265.png,22.2357
75,imagenette160/val/church/01413.png,21.1470
76,imagenette160/val/cassette_player/00129.png,28.0405
77,imagenette160/val/tench/00398.png,22.4057
78,imagenette160/val/chain_saw/00761.png,25.1911
79,imagenette160/val/cassette_player/00033.png,27.9212
80,imagenette160/val/French_horn/03532.png,23.4298
81,imagenette160/val/English_springer/02624.png,22.3671
82,imagenette160/val/church/01226.png,23.6648
83,imagenette160/val/French_horn/03534.png,20.2514
84,imagenette160/val/tench/00725.png,23.0591
85,imagenette160/val/garbage_truck/03348.png,23.5416
86,imagenette160/val/tench/00662.png,22.4930
87,imagenette160/val/cassette_player/00199.png,22.4808
88,imagenette160/val/chain_saw/00989.png,25.0442
89,imagenette160/val/garbage_truck/03477.png,23.9745
90,imagenette160/val/golf_ball/02841.png,23.7891
91,imagenette160/val/garbage_truck/03178.png,23.6376
92,imagenette160/val/cassette_player/00163.png,25.0735
93,imagenette160/val/French_horn/03569.png,23.7222
94,imagenette160/val/church/01377.png,24.9740
95,imagenette160/val/garbage_truck/03523.png,24.1980
96,imagenette160/val/parachute/01789.png,27.3823
97,imagenette160/val/church/01368.png,25.4062
98,imagenette160/val/tench/00711.png,25.8017
99,imagenette160/val/parachute/01562.png,27.9257
100,imagenette160/val/church/01394.png,20.9642
101,imagenette160/val/cassette_player/00333.png,26.7395
102,imagenette160/val/tench/00573.png,25.6534
103,imagenette160/val/French_horn/03841.png,21.7002
104,imagenette160/val/church/01238.png,24.4896
105,imagenette160/val/chain_saw/01067.png,24.3684
106,imagenette160/val/gas_pump/02281.png,23.2556
107,imagenette160/val/garbage_truck/03288.png,24.3477
108,imagenette160/val/parachute/01856.png,27.2142
109,imagenette160/val/garbage_truck/03158.png,24.6944
110,imagenette160/val/garbage_truck/03166.png,22.2015
111,imagenette160/val/cassette_player/00079.png,26.3369
112,imagenette160/val/French_horn/03636.png,23.6180
113,imagenette160/val/cassette_player/00242.png,26.6235
114,imagenette160/val/church/01533.png,25.0231
115,imagenette160/val/church/01156.png,23.6321
116,imagenette160/val/chain_saw/00948.png,24.4063
117,imagenette160/val/cassette_player/00083.png,24.5039
118,imagenette160/val/French_horn/03635.png,25.7307
119,imagenette160/val/garbage_truck/03459.png,26.6749
120,imagenette160/val/gas_pump/02228.png,23.1939
121,imagenette160/val/gas_pump/02025.png,25.6351
122,imagenette160/val/parachute/01611.png,21.6822
123,imagenette160/val/French_horn/03696.png,21.6063
124,imagenette160/val/tench/00449.png,22.4706
125,imagenette160/val/golf_ball/02863.png,22.8353
126,imagenette160/val/gas_pump/01975.png,24.1512
127,imagenette160/val/cassette_player/00020.png,24.7690
128,imagenette160/val/tench/00562.png,23.2641
129,imagenette160/val/tench/00453.png,21.3647
130,imagenette160/val/parachute/01691.png,27.0912
131,imagenette160/val/church/01303.png,21.1419
132,imagenette160/val/garbage_truck/03433.png,24.0637
133,imagenette160/val/garbage_truck/03300.png,24.1742
134,imagenette160/val/French_horn/03731.png,26.1844
135,imagenette160/val/parachute/01843.png,25.2131
136,imagenette160/val/tench/00520.png,25.5862
137,imagenette160/val/tench/00481.png,25.3607
138,imagenette160/val/gas_pump/02268.png,22.7989
139,imagenette160/val/cassette_player/00301.png,25.5291
140,imagenette160/val/church/01132.png,21.0715
141,imagenette160/val/gas_pump/02320.png,22.5884
142,imagenette160/val/English_springer/02442.png,27.3012
143,imagenette160/val/parachute/01582.png,24.9333
144,imagenette160/val/church/01285.png,25.0834
145,imagenette160/val/golf_ball/02975.png,29.4925
146,imagenette160/val/English_springer/02653.png,27.1800
147,imagenette160/val/garbage_truck/03399.png,25.0827
148,imagenette160/val/parachute/01689.png,24.9783
149,imagenette160/val/French_horn/03671.png,24.0201
150,imagenette160/val/French_horn/03819.png,22.4137
151,imagenette160/val/chain_saw/00774.png,25.0700
152,imagenette160/val/English_springer/02373.png,24.8154
153,imagenette160/val/parachute/01701.png,24.4124
154,imagenette160/val/parachute/01682.png,21.7169
155,imagenette160/val/church/01481.png,27.1017
156,imagenette160/val/English_springer/02699.png,27.0416
157,imagenette160/val/cassette_player/00125.png,24.6308
158,imagenette160/val/tench/00379.png,26.9353
159,imagenette160/val/English_springer/02460.png,21.1002
160,imagenette160/val/English_springer/02570.png,22.3203
161,imagenette160/val/cassette_player/00232.png,26.1343
162,imagenette160/val/chain_saw/00877.png,25.4023
163,imagenette160/val/golf_ball/03074.png,24.9533
164,imagenette160/val/gas_pump/02316.png,23.4759
165,imagenette160/val/golf_ball/03069.png,22.2432
166,imagenette160/val/chain_saw/00906.png,27.4902
167,imagenette160/val/gas_pump/02262.png,23.5067
168,imagenette160/val/English_springer/02543.png,25.1998
169,imagenette160/val/golf_ball/03015.png,26.1215
170,imagenette160/val/church/01223.png,24.2080
171,imagenette160/val/garbage_truck/03518.png,24.6957
172,imagenette160/val/French_horn/03736.png,22.5139
173,imagenette160/val/church/01516.png,26.3282
174,imagenette160/val/church/01509.png,20.2231
175,imagenette160/val/parachute/01827.png,27.4415
176,imagenette160/val/English_springer/02696.png,28.6470
177,imagenette160/val/golf_ball/02786.png,26.1830
178,imagenette160/val/tench/00695.png,26.4823
179,imagenette160/val/tench/00644.png,25.4123
180,imagenette160/val/English_springer/02401.png,27.6686
181,imagenette160/val/church/01234.png,23.7513
182,imagenette160/val/parachute/01808.png,23.9406
183,imagenette160/val/tench/00511.png,25.3948
184,imagenette160/val/chain_saw/01092.png,25.2924
185,imagenette160/val/chain_saw/01038.png,24.4023
186,imagenette160/val/French_horn/03811.png,22.1844
187,imagenette160/val/golf_ball/03087.png,28.6470
188,imagenette160/val/tench/00365.png,21.4515
189,imagenette160/val/tench/00577.png,27.1719
190,imagenette160/val/church/01176.png,24.7141
191,imagenette160/val/garbage_truck/03252.png,24.6346
192,imagenette160/val/French_horn/03721.png,26.0506
193,imagenette160/val/English_springer/02555.png,27.5434
194,imagenette160/val/chain_saw/01052.png,22.6283
195,imagenette160/val/church/01254.png,25.3691
196,imagenette160/val/cassette_player/00309.png,26.6744
197,imagenette160/val/English_springer/02583.png,29.8842
198,imagenette160/val/garbage_truck/03190.png,26.3751
199,imagenette160/val/tench/00380.png,27.6634
